Feature #,Code Name,Feature Description,Values
125,AdultUse,Adult Uses,"None,Few,Some/a lot"
144,Arcades,Arcades,"No,Yes"
245,Attrtve,Segment attractiveness (design and maintenance),"Unattractive,Neutral,Attractive"
145,Awnings,Awnings,"No,Yes"
32,Banners,Banners,"None,Few,Some/a lot"
124,BarsClub,Bars/Night Clubs,"None,Few,Some/a lot"
120,Beach,Beach,"None,Unattractive,Neutral,Attractive"
188,Benches,Benches (not at a bus stop) or chairs,"None,Few,Some/a lot"
292,Bicyclist,Number of cyclists,Number is entered
110,BigBox,Big Box Shops (includes super stores or warehouse stores),"No,Yes"
292.4,Bike Mode,Percentage of cyclists,Calculated at block level
162,BikeLane,Bicycle lanes present,"No,Yes"
171,BikeRack,Bike Racks,"None,Few,Some/a lot"
81,BikeRetl,"Bicycle-Related Retail (bicycle repair shops, etc.)","No,Yes"
175,Bikeshre,Bike share present,"No,Yes"
252,BillBrd,Billboards,"None,Few,Some/a lot"
163,BkLnType,Bike Lane Type,"Shared Lane/Sharrow,On Road Painted Line/Reflectors,On Road Physical Separation,Off Road"
204,BlnkWall,Blank walls,"None,Few,Some/a lot"
149,BuffBoll,Bollards as buffers,"No,One side,Both sides"
151,BuffFence,Fence or Guardrail as buffers,"No,One side,Both sides"
147,BuffPkCr,Parked Cars as buffers,"No,One side,Both sides"
150,BuffStTr,Street Trees,"No,One side,Both sides"
189,BusStops,Bus Stops With Seating,"None,Few,Some/a lot"
79,Cardeal,Car Dealership,"No,Yes"
83,ChainStre,Regional or National Chain Store,"No,Yes"
126,ChckCash,Check Cashing,"None,Few,Some/a lot"
66,CivOther,"Public Building, Other","No,Yes"
7,CmOther,Other type of crosswalk marking,"No,Yes"
129,CoffShop,Coffee Shops/Tea Houses,"None,Few,Some/a lot"
58,College,University or College (includes all types of building forms),"No,Yes"
63,ComCtLib,Community Center or Library,"No,Yes"
50,CondoApt,Condo/Apartment Housing,"No,Yes"
131,CornerSt,Corner Store/Convenience Store,"None,Few,Some/a lot"
261,Crosing2,Crosswalk markings - Intersection 2,"None,Some,All"
2,Croswalk,Crosswalk markings - Intersection 1,"None,Some,All"
266,CrsOthr2,Other crosswalk markings - intersection 2,"No,Yes"
238,CurbBulb,Curb Bulb Out/Curb Extension as traffic calming feature - Intersection 1,"No,Yes"
238.3,CurbBulb2,Curb Bulb Out/Curb Extension as traffic calming feature  - Intersection 2,"No,Yes"
269,CurbCut2,Curb cuts - Intersection 2,"None,Some,All"
10,Curbcuts,Curb cuts - Intersection 1,"None,Some,All"
265,DfRdSf2,Different Road Surface or Paving as crosswalk markings - Intersection 2,"No,Yes"
6,DiffRdSf,Different Road Surface or Paving as crosswalk markings - Intersection 1,"No,Yes"
187,Dining,"Outdoor dining areas (e.g. cafes, outdoor tables, and coffee shops or plazas)","None,Few,Some/a lot"
257,Dogs,Loose/unsupervised/barking dogs,"No,Yes"
222,Driveway,Driveways,"None,Few,Some/a lot"
114,DrivThru,Drive-thrus,"No,Yes"
227,Dumpster,Dumpsters,"None,Few,Some/a lot"
134,FarnerMk,Farmers Market,"None,Few,Some/a lot"
74,FastFood,Fast Food,"No,Yes"
77,Financl,Bank/Financial,"No,Yes"
184,FlatSlpe,Flat or Gentle slope,"No,Yes"
80,GasServ,Gas/Service Station,"No,Yes"
138,GateAccs,Gated community access,"Accesible,Somewhat Accessible,Not Accessible"
136,Gated,Gated community presence,"No,Segment is inside a gated community,One side is on the edge of a gated community,Segment is between two gated communities"
225,Grafitti,Grafitti,"None,Few,Some/a lot"
60,GymFitns,Gym/Fitness Center (also includes yoga/pilates studios etc.),"No,Yes"
71,HardGood,"""Hard Good"" Retail Stores (stores that sell things that last a long time, e.g., appliances)","No,Yes"
191,HeatLamp,Heat Lamps,"None,Few,Some/a lot"
57,HighSchl,High School,"No,Yes"
78,HotelHos,Hotel/Hospitality,"No,Yes"
90,IndsOthr,"Industrial, Other","No,Yes"
69,InsOther,"Institutional, Other","No,Yes"
54,Kinder,Kindergarten,"No,Yes"
130,LibBkStr,Libraries/Bookstores,"None,Few,Some/a lot"
230,Lighting,Outdoor lighting,"No,Yes"
127,LiquorSt,Liquor Store,"None,Few,Some/a lot"
226,Litter,Litter,"None,Few,Some/a lot"
82,LocalStre,Local Non-Chain Stores,"No,Yes"
89,MdHvInd,"Medium or Heavy Industrial (e.g., chemical plants, oil wells, etc)","No,Yes"
240,Median,Median,"No,Yes"
68,Medicine,"Hospital, Medical Facility, Health Clinic","No,Yes"
176,Midblock,Marked midblock crosswalk,"No,Yes"
76,MLGrcer,Medium or Large Grocery Store,"No,Yes"
223,MntBuild,General maintenance of the buildings,"Unattractive,Neutral,Attractive"
61,MovieTh,Movie Theater,"No,Yes"
64,MusTheat,"Museum, Auditorium Concert Hall, Theater","No,Yes"
211,NumBldgs,Number of buildings/streetscape,"None,Multiple buildings on both sides,One or two buildings Multiple Buildings,One or two buildings on each side"
85,Offices,Offices,"No,Yes"
87,OfSerOth,"Office/Service, Other","No,Yes"
72,OthrRtail,"Other Retail Stores that are neither ""soft"" or ""hard""","No,Yes"
161,OthrSdWk,Sidewalks/greenbelts/trails/paths other than sidewalks along the street,"No,Yes"
116,ParkPlay,Park/Playground,"None,Unattractive,Neutral,Attractive"
220,ParkStrc,Parking structure,"No,Yes"
121,PbSpOthr,Other type of public space,"None,Unattractive,Neutral,Attractive"
291.4,Ped Mode,Percentage of pedestrians,Calculated at block level
275,PedAct2,Pedestrian Signal (Activated) - Intersection 2,"No,Yes"
16,PedActSgn,Pedestrian Signal (Activated) - Intersection 1,"No,Yes"
17,PedAuto,Pedestrian Signal (Automated) - Intersection 1,"No,Yes"
276,PedAuto2,Pedestrian Signal (Automated) - Intersection 2,"No,Yes"
279,PedCrs2,Pedestrian Crossing Sign - Intersection 2,"No,Yes"
20,PedCrsSgn,Pedestrian Crossing Sign - Intersection 1,"No,Yes"
291,Pedestrian,Number of pedestrians,Number is entered
31,PedIsle,Pedestrian island - Intersection 1,"No,Yes"
290,PedIsle2,Pedestrian island - Intersection 2,"No,Yes"
34,Pedstreet,Pedestrian/bicycle only street,"No,Yes"
117,PlaySprt,Playing or Sport Field,"None,Unattractive,Neutral,Attractive"
118,PlazaSq,Plaza/Square/Courtyard,"None,Unattractive,Neutral,Attractive"
219,PrctPkng,Parking lot coverage,"None,Little,Some/a lot"
221,Prdusprk,1st floor parking structure land use,"""Not Parking, Other Uses"",Varied,Parking"
55,PrimSchl,Primary School,"No,Yes"
198,PrmntBldgH,Building stories,"1 story,2-3 stories,4-8 stories,9-12 stories,13-39 stories,40+ stories,N/A"
251,PubArt,Public art,"No,Yes"
65,PubCivic,"Post Office, Police Station Courthouse, Department of Motor Vehicles","No,Yes"
119,PubGardn,Public Garden,"None,Unattractive,Neutral,Attractive"
193,PubRestr,Public restrooms,"No,Yes"
62,RecOher,"Recreational, Other","No,Yes"
67,Religion,"Religious Institution (Church, Temple, Mosque, etc.)","No,Yes"
128,Restarnt,Restaurants,"None,Few,Some/a lot"
73,Restaurant,Restaurants - Non Fast Food,"No,Yes"
237,RumbleSp,Rumble Strips or Bumps as traffic calming feature,"No,Yes"
59,SchOther,"School, Other","No,Yes"
56,ScndSchl,Secondary School,"No,Yes"
142,SdWkCndt,Sidewalk condition,"Moderate/Good,Poor,Under Repair"
140,SdWkComp,Sidewalk completion,"Incomplete on both sides,Complete on one side,Complete on both sides"
143,SdWkPave,Special sidewalk paving,"No,Yes"
196,SdWkShde,Sidewalk shade,"Less than 25%,25-50%,More than 50%"
86,Service,"Service Facilities (including insurance offices, funeral homes, dry cleaning)","No,Yes"
80.3,ServiceStation,Car service station,"No,Yes"
48,SFHatach,Single Family Home/Duplex Attached,"No,Yes"
47,SFHdtach,Single Family Home - Detached,"No,Yes"
111,ShopMall,Shopping Mall,"No,Yes"
139,Sidewalk,Sidewalk presense,"0,1,2"
218,SizeParkIMI1,Average parking lot size,"None,Small,Medium,Large,Extra Large"
75,SmlGrcer,Small Grocery Store,"No,Yes"
70,SoftGood,"""Soft Good"" Retail Stores (These sell things that last a short time, e.g., clothing)","No,Yes"
236,SpdBump,Speed bump/speed hump/raised crosswalk or dips (that are intended to slow down traffic).,"No,Yes"
235,SpeedLim,Posted speed limit,Number is entered
234,SpLmtPst,Speed limit sign presence,"No,Yes"
273,StopSgn2,Stop Sign - Intersection 2,"No,Yes"
14,StopSign,Stop Sign - Intersection 1,"No,Yes"
33,Streetdir,One/Two Way street,"One Way,Two Way"
112,StrpMall,Strip Mall,"No,Yes"
194,StrtTree,Street Trees,"None,Few,Some/a lot"
250,StVendor,Street vendors or stalls,"None,Few,Some/a lot"
217,SurfPkng,Surface parking lot,"No,One side,Both sides"
146,SWPtcOth,Other kind of sidewalk protection,"No,Yes"
49,Townhome,Town Homes/Row Houses,"No,Yes"
239,TrafCrcl,Traffic Circle/Roundabout as traffic calming feature,"No,Yes"
13,TraffSig,Traffic Signal - Intersection 1,"No,Yes"
272,TrafSgn2,Traffic Signal - intersection 2,"No,Yes"
241,TrCmPark,Angled/On street parking,"No,Yes"
92,UndevLnd,Undeveloped Land,"No,Yes"
293,Vehicle,Number of vehicles,Number is entered
293.4,Vehicle Mode,Percentage of vehicles (not parked),Calculated at block level
37,VehLanes,Vehicle lanes,Number is entered
97,VerMixUs,Mixed use,"No,Yes"
3,WhitLine,White Painted Lines as crosswalk markings - Intersection 1,"No,Yes"
262,Whtline2,White Painted Lines as crosswalk markings - Intersection 2,"No,Yes"
264,Zebra2,Zebra Striping  as crosswalk markings - Intersection 2,"No,Yes"
5,ZebraStp,Zebra Striping  as crosswalk markings - Intersection 1,"No,Yes"
